experiment_id;command;sequence;first_sent_at_ms;resolved_at_ms;attempts;status;time_to_ack_ms;rto_ms;srtt_ms;rttvar_ms
baseline;SHOOT;3;0.003;14.972;1;delivered;14.969;100.000;3.296;3.946
baseline;SHOOT;6;210.355;211.050;1;delivered;0.695;100.000;2.662;3.310
baseline;SHOOT;9;412.608;413.171;1;delivered;0.563;100.000;2.159;2.730
baseline;SHOOT;12;600.890;602.036;1;delivered;1.146;100.000;1.911;1.963
baseline;SHOOT;15;804.157;804.626;1;delivered;0.469;100.000;1.560;1.709
baseline;SHOOT;18;1005.360;1005.918;1;delivered;0.558;100.000;1.311;1.389
baseline;SHOOT;21;1206.393;1206.904;1;delivered;0.511;100.000;1.116;1.116
baseline;SHOOT;24;1407.728;1408.332;1;delivered;0.604;100.000;0.978;0.861
baseline;SHOOT;27;1607.665;1608.268;1;delivered;0.603;100.000;0.874;0.661
baseline;SHOOT;30;1809.391;1810.254;1;delivered;0.863;100.000;0.857;0.399
baseline;SHOOT;33;2001.656;2002.253;1;delivered;0.597;100.000;0.781;0.353
baseline;SHOOT;36;2203.869;2204.490;1;delivered;0.621;100.000;0.725;0.289
baseline;SHOOT;39;2406.525;2406.923;1;delivered;0.398;100.000;0.642;0.305
baseline;SHOOT;42;2608.446;2608.930;1;delivered;0.484;100.000;0.599;0.244
baseline;SHOOT;45;2811.206;2811.743;1;delivered;0.537;100.000;0.580;0.169
baseline;SHOOT;48;3013.101;3013.739;1;delivered;0.638;100.000;0.567;0.150
baseline;SHOOT;51;3200.111;3200.775;1;delivered;0.664;100.000;0.574;0.119
baseline;SHOOT;54;3402.215;3402.764;1;delivered;0.549;100.000;0.564;0.083
baseline;SHOOT;57;3603.268;3603.753;1;delivered;0.485;100.000;0.540;0.086
baseline;SHOOT;60;3803.706;3804.123;1;delivered;0.417;100.000;0.508;0.103
baseline;SHOOT;63;4004.897;4005.432;1;delivered;0.535;100.000;0.497;0.094
baseline;SHOOT;66;4205.128;4205.451;1;delivered;0.323;100.000;0.453;0.128
baseline;SHOOT;69;4408.145;4408.534;1;delivered;0.389;100.000;0.435;0.103
baseline;SHOOT;72;4610.151;4610.695;1;delivered;0.544;100.000;0.441;0.100
baseline;SHOOT;75;4812.330;4812.749;1;delivered;0.419;100.000;0.427;0.077
baseline;SHOOT;78;5014.293;5014.786;1;delivered;0.493;100.000;0.435;0.061
baseline;SHOOT;81;5200.181;5200.556;1;delivered;0.375;100.000;0.417;0.064
baseline;SHOOT;84;5400.875;5401.449;1;delivered;0.574;100.000;0.445;0.087
baseline;SHOOT;87;5602.761;5603.171;1;delivered;0.410;100.000;0.434;0.068
baseline;SHOOT;90;5801.563;5801.886;1;delivered;0.323;100.000;0.404;0.089
baseline;SHOOT;93;6001.797;6002.399;1;delivered;0.602;100.000;0.443;0.120
baseline;SHOOT;96;6205.323;6205.809;1;delivered;0.486;100.000;0.447;0.081
baseline;SHOOT;99;6408.017;6408.344;1;delivered;0.327;100.000;0.417;0.097
baseline;SHOOT;102;6608.309;6608.584;1;delivered;0.275;100.000;0.382;0.115
baseline;SHOOT;105;6808.107;6808.459;1;delivered;0.352;100.000;0.373;0.079
baseline;SHOOT;108;7008.932;7009.278;1;delivered;0.346;100.000;0.365;0.059
baseline;SHOOT;111;7211.067;7211.605;1;delivered;0.538;100.000;0.391;0.083
baseline;SHOOT;114;7411.291;7411.753;1;delivered;0.462;100.000;0.394;0.076
baseline;SHOOT;117;7610.860;7611.183;1;delivered;0.323;100.000;0.374;0.076
baseline;SHOOT;120;7811.420;7811.834;1;delivered;0.414;100.000;0.379;0.053
baseline;SHOOT;123;8011.822;8012.185;1;delivered;0.363;100.000;0.368;0.047
baseline;SHOOT;126;8213.213;8213.614;1;delivered;0.401;100.000;0.365;0.048
baseline;SHOOT;129;8415.450;8415.895;1;delivered;0.445;100.000;0.382;0.056
baseline;SHOOT;132;8615.236;8615.614;1;delivered;0.378;100.000;0.371;0.053
baseline;SHOOT;135;8800.125;8800.501;1;delivered;0.376;100.000;0.370;0.034
baseline;SHOOT;138;9001.919;9002.516;1;delivered;0.597;100.000;0.413;0.098
baseline;SHOOT;141;9207.014;9207.587;1;delivered;0.573;100.000;0.440;0.104
baseline;SHOOT;144;9408.470;9408.816;1;delivered;0.346;100.000;0.416;0.099
baseline;SHOOT;147;9610.206;9610.728;1;delivered;0.522;100.000;0.415;0.109
baseline;SHOOT;150;9810.826;9811.248;1;delivered;0.422;100.000;0.413;0.069
loss_5;SHOOT;3;0.002;11.539;1;delivered;11.537;100.000;2.902;3.093
loss_5;SHOOT;6;210.805;211.425;1;delivered;0.620;100.000;2.353;2.686
loss_5;SHOOT;9;414.686;415.346;1;delivered;0.660;100.000;1.934;2.231
loss_5;SHOOT;12;600.138;601.430;1;delivered;1.292;100.000;1.770;1.535
loss_5;SHOOT;15;815.595;816.083;1;delivered;0.488;100.000;1.465;1.390
loss_5;SHOOT;18;1000.743;1110.200;2;delivered;109.457;100.000;1.338;1.298
loss_5;SHOOT;21;1202.272;1202.908;1;delivered;0.636;100.000;1.168;1.023
loss_5;SHOOT;24;1403.556;1404.365;1;delivered;0.809;100.000;1.056;0.760
loss_5;SHOOT;27;1606.019;1606.532;1;delivered;0.513;100.000;0.922;0.658
loss_5;SHOOT;30;1805.295;1805.834;1;delivered;0.539;100.000;0.824;0.538
loss_5;SHOOT;33;2006.082;2006.599;1;delivered;0.517;100.000;0.741;0.442
loss_5;SHOOT;36;2208.862;2209.475;1;delivered;0.613;100.000;0.706;0.308
loss_5;SHOOT;39;2411.524;2412.174;1;delivered;0.650;100.000;0.677;0.219
loss_5;SHOOT;42;2613.220;2613.792;1;delivered;0.572;100.000;0.640;0.184
loss_5;SHOOT;45;2815.074;2815.703;1;delivered;0.629;100.000;0.623;0.131
loss_5;SHOOT;48;3001.021;3110.953;2;delivered;109.932;100.000;0.594;0.157
loss_5;SHOOT;51;3203.507;3204.157;1;delivered;0.650;100.000;0.600;0.104
loss_5;SHOOT;54;3405.027;3405.512;1;delivered;0.485;100.000;0.565;0.117
loss_5;SHOOT;57;3604.576;3712.403;2;delivered;107.827;100.000;0.539;0.140
loss_5;SHOOT;60;3804.380;3804.854;1;delivered;0.474;100.000;0.515;0.117
loss_5;SHOOT;63;4011.300;4011.990;1;delivered;0.690;100.000;0.523;0.137
loss_5;SHOOT;66;4213.239;4213.804;1;delivered;0.565;100.000;0.528;0.088
loss_5;SHOOT;69;4413.358;4413.802;1;delivered;0.444;100.000;0.495;0.102
loss_5;SHOOT;72;4601.443;4602.170;1;delivered;0.727;100.000;0.516;0.132
loss_5;SHOOT;75;4801.226;4801.627;1;delivered;0.401;100.000;0.486;0.126
loss_5;SHOOT;78;5003.051;5111.819;2;delivered;108.768;100.000;0.486;0.126
loss_5;SHOOT;81;5203.647;5204.116;1;delivered;0.469;100.000;0.478;0.083
loss_5;SHOOT;84;5404.043;5404.589;1;delivered;0.546;100.000;0.481;0.075
loss_5;SHOOT;87;5608.042;5608.547;1;delivered;0.505;100.000;0.473;0.069
loss_5;SHOOT;90;5807.314;5807.666;1;delivered;0.352;100.000;0.442;0.093
loss_5;SHOOT;93;6010.506;6011.039;1;delivered;0.533;100.000;0.445;0.091
loss_5;SHOOT;96;6213.447;6213.926;1;delivered;0.479;100.000;0.448;0.062
loss_5;SHOOT;99;6400.586;6509.940;2;delivered;109.354;100.000;0.450;0.051
loss_5;SHOOT;102;6603.004;6603.506;1;delivered;0.502;100.000;0.453;0.048
loss_5;SHOOT;105;6804.136;6804.474;1;delivered;0.338;100.000;0.424;0.077
loss_5;SHOOT;108;7007.379;7007.814;1;delivered;0.435;100.000;0.423;0.052
loss_5;SHOOT;111;7208.342;7208.779;1;delivered;0.437;100.000;0.419;0.044
loss_5;SHOOT;114;7411.944;7412.461;1;delivered;0.517;100.000;0.427;0.058
loss_5;SHOOT;117;7612.876;7613.328;1;delivered;0.452;100.000;0.424;0.052
loss_5;SHOOT;120;7814.403;7814.909;1;delivered;0.506;100.000;0.430;0.057
loss_5;SHOOT;123;8000.947;8001.457;1;delivered;0.510;100.000;0.434;0.065
loss_5;SHOOT;126;8204.045;8204.437;1;delivered;0.392;100.000;0.422;0.057
loss_5;SHOOT;129;8408.248;8408.596;1;delivered;0.348;100.000;0.398;0.071
loss_5;SHOOT;132;8611.338;8611.898;1;delivered;0.560;100.000;0.414;0.089
loss_5;SHOOT;135;8812.461;8812.982;1;delivered;0.521;100.000;0.427;0.078
loss_5;SHOOT;138;9014.726;9015.110;1;delivered;0.384;100.000;0.421;0.069
loss_5;SHOOT;141;9201.149;9201.520;1;delivered;0.371;100.000;0.408;0.062
loss_5;SHOOT;144;9403.515;9403.919;1;delivered;0.404;100.000;0.398;0.052
loss_5;SHOOT;147;9604.266;9714.942;2;delivered;110.676;100.000;0.398;0.040
loss_5;SHOOT;150;9808.972;9919.636;2;delivered;110.664;100.000;0.394;0.038
loss_10;SHOOT;3;0.002;11.997;1;delivered;11.995;100.000;3.008;3.214
loss_10;SHOOT;6;210.210;211.176;1;delivered;0.966;100.000;2.501;2.678
loss_10;SHOOT;9;411.518;522.363;2;delivered;110.845;100.000;2.251;2.509
loss_10;SHOOT;12;613.991;615.403;1;delivered;1.412;100.000;2.026;1.793
loss_10;SHOOT;15;800.775;801.426;1;delivered;0.651;100.000;1.684;1.595
loss_10;SHOOT;18;1003.599;1004.258;1;delivered;0.659;100.000;1.429;1.335
loss_10;SHOOT;21;1206.936;1207.620;1;delivered;0.684;100.000;1.239;1.075
loss_10;SHOOT;24;1407.150;1407.850;1;delivered;0.700;100.000;1.101;0.841
loss_10;SHOOT;27;1611.360;1612.054;1;delivered;0.694;100.000;0.982;0.672
loss_10;SHOOT;30;1814.629;1815.313;1;delivered;0.684;100.000;0.896;0.522
loss_10;SHOOT;33;2000.202;2000.778;1;delivered;0.576;100.000;0.856;0.471
loss_10;SHOOT;36;2202.568;2203.656;1;delivered;1.088;100.000;0.890;0.330
loss_10;SHOOT;39;2404.564;2405.057;1;delivered;0.493;100.000;0.840;0.347
loss_10;SHOOT;42;2608.170;2608.860;1;delivered;0.690;100.000;0.798;0.266
loss_10;SHOOT;45;2811.661;2812.213;1;delivered;0.552;100.000;0.733;0.260
loss_10;SHOOT;48;3014.154;3014.661;1;delivered;0.507;100.000;0.665;0.260
loss_10;SHOOT;51;3201.179;3309.599;2;delivered;108.420;100.000;0.631;0.262
loss_10;SHOOT;54;3403.007;3511.940;2;delivered;108.933;100.000;0.637;0.209
loss_10;SHOOT;57;3604.142;3604.600;1;delivered;0.458;100.000;0.615;0.202
loss_10;SHOOT;60;3805.472;4022.085;3;delivered;216.613;100.000;0.611;0.201
loss_10;SHOOT;63;4006.359;4007.207;1;delivered;0.848;100.000;0.611;0.201
loss_10;SHOOT;66;4209.075;4209.669;1;delivered;0.594;100.000;0.590;0.148
loss_10;SHOOT;69;4411.760;4412.244;1;delivered;0.484;100.000;0.556;0.138
loss_10;SHOOT;72;4613.850;4614.539;1;delivered;0.689;100.000;0.559;0.138
loss_10;SHOOT;75;4801.093;4801.547;1;delivered;0.454;100.000;0.530;0.127
loss_10;SHOOT;78;5003.421;5221.182;3;delivered;217.761;100.000;0.516;0.090
loss_10;SHOOT;81;5204.506;5205.038;1;delivered;0.532;100.000;0.516;0.090
loss_10;SHOOT;84;5408.847;5409.460;1;delivered;0.613;100.000;0.513;0.104
loss_10;SHOOT;87;5609.443;5609.863;1;delivered;0.420;100.000;0.488;0.101
loss_10;SHOOT;90;5813.921;5814.376;1;delivered;0.455;100.000;0.476;0.076
loss_10;SHOOT;93;6000.809;6001.285;1;delivered;0.476;100.000;0.470;0.056
loss_10;SHOOT;96;6202.385;6309.974;2;delivered;107.589;100.000;0.451;0.079
loss_10;SHOOT;99;6403.285;6403.708;1;delivered;0.423;100.000;0.436;0.068
loss_10;SHOOT;102;6605.942;6606.623;1;delivered;0.681;100.000;0.476;0.113
loss_10;SHOOT;105;6809.406;6809.959;1;delivered;0.553;100.000;0.477;0.099
loss_10;SHOOT;108;7012.185;7012.768;1;delivered;0.583;100.000;0.477;0.109
loss_10;SHOOT;111;7214.007;7214.482;1;delivered;0.475;100.000;0.466;0.082
loss_10;SHOOT;114;7401.970;7402.507;1;delivered;0.537;100.000;0.469;0.077
loss_10;SHOOT;117;7604.210;7713.272;2;delivered;109.062;100.000;0.469;0.077
loss_10;SHOOT;120;7806.614;7807.159;1;delivered;0.545;100.000;0.481;0.067
loss_10;SHOOT;123;8009.786;8010.216;1;delivered;0.430;100.000;0.464;0.066
loss_10;SHOOT;126;8210.921;8211.298;1;delivered;0.377;100.000;0.441;0.077
loss_10;SHOOT;129;8413.441;8413.825;1;delivered;0.384;100.000;0.434;0.072
loss_10;SHOOT;132;8600.548;8600.911;1;delivered;0.363;100.000;0.413;0.075
loss_10;SHOOT;135;8803.699;8804.235;1;delivered;0.536;100.000;0.423;0.084
loss_10;SHOOT;138;9006.927;9007.327;1;delivered;0.400;100.000;0.420;0.069
loss_10;SHOOT;141;9208.078;9208.736;1;delivered;0.658;100.000;0.446;0.105
loss_10;SHOOT;144;9411.676;9521.301;2;delivered;109.625;100.000;0.434;0.104
loss_10;SHOOT;147;9614.214;9614.739;1;delivered;0.525;100.000;0.445;0.101
loss_10;SHOOT;150;9802.343;9911.575;2;delivered;109.232;100.000;0.445;0.101
loss_20;SHOOT;3;0.002;14.122;1;delivered;14.120;100.000;3.161;3.729
loss_20;SHOOT;6;210.699;211.788;1;delivered;1.089;100.000;2.605;3.039
loss_20;SHOOT;9;414.968;635.989;3;delivered;221.021;100.000;2.230;1.802
loss_20;SHOOT;12;603.054;605.380;1;delivered;2.326;100.000;2.230;1.802
loss_20;SHOOT;15;806.984;807.584;1;delivered;0.600;100.000;2.026;1.759
loss_20;SHOOT;18;1009.312;1009.993;1;delivered;0.681;100.000;1.858;1.656
loss_20;SHOOT;21;1209.362;1209.965;1;delivered;0.603;100.000;1.558;1.450
loss_20;SHOOT;24;1410.256;1411.085;1;delivered;0.829;100.000;1.371;1.135
loss_20;SHOOT;27;1612.525;1723.041;2;delivered;110.516;100.000;1.371;1.135
loss_20;SHOOT;30;1800.222;1800.999;1;delivered;0.777;100.000;1.223;0.892
loss_20;SHOOT;33;2001.745;2002.320;1;delivered;0.575;100.000;1.142;0.831
loss_20;SHOOT;36;2203.799;2204.641;1;delivered;0.842;100.000;1.051;0.619
loss_20;SHOOT;39;2405.840;2406.529;1;delivered;0.689;100.000;0.959;0.506
loss_20;SHOOT;42;2608.388;2608.951;1;delivered;0.563;100.000;0.858;0.456
loss_20;SHOOT;45;2812.793;2813.439;1;delivered;0.646;100.000;0.792;0.366
loss_20;SHOOT;48;3015.175;3016.224;1;delivered;1.049;100.000;0.835;0.285
loss_20;SHOOT;51;3201.696;3311.805;2;delivered;110.109;100.000;0.835;0.285
loss_20;SHOOT;54;3404.761;3730.520;4;delivered;325.759;100.000;0.754;0.305
loss_20;SHOOT;57;3604.638;3605.070;1;delivered;0.432;100.000;0.754;0.305
loss_20;SHOOT;60;3808.541;3918.579;2;delivered;110.038;100.000;0.760;0.242
loss_20;SHOOT;63;4011.364;4119.517;2;delivered;108.153;100.000;0.711;0.280
loss_20;SHOOT;66;4213.276;4213.789;1;delivered;0.513;100.000;0.658;0.248
loss_20;SHOOT;69;4400.603;4401.014;1;delivered;0.411;100.000;0.597;0.244
loss_20;SHOOT;72;4604.185;4605.011;1;delivered;0.826;100.000;0.646;0.224
loss_20;SHOOT;75;4804.546;4914.556;2;delivered;110.010;100.000;0.617;0.227
loss_20;SHOOT;78;5007.921;5444.318;5;delivered;436.397;100.000;0.542;0.162
loss_20;SHOOT;81;5209.982;5210.382;1;delivered;0.400;100.000;0.568;0.214
loss_20;SHOOT;84;5412.370;5412.920;1;delivered;0.550;100.000;0.542;0.162
loss_20;SHOOT;87;5614.204;5614.620;1;delivered;0.416;100.000;0.526;0.153
loss_20;SHOOT;90;5800.199;6126.341;4;delivered;326.142;100.000;0.588;0.284
loss_20;SHOOT;93;6000.548;6001.718;1;delivered;1.170;100.000;0.588;0.284
loss_20;SHOOT;96;6203.861;6204.523;1;delivered;0.662;100.000;0.593;0.186
loss_20;SHOOT;99;6404.832;6405.290;1;delivered;0.458;100.000;0.553;0.172
loss_20;SHOOT;102;6606.547;6607.007;1;delivered;0.460;100.000;0.522;0.148
loss_20;SHOOT;105;6810.517;6919.433;2;delivered;108.916;100.000;0.501;0.153
loss_20;SHOOT;108;7012.085;7012.504;1;delivered;0.419;100.000;0.491;0.136
loss_20;SHOOT;111;7213.025;7213.505;1;delivered;0.480;100.000;0.476;0.101
loss_20;SHOOT;114;7400.163;7619.720;3;delivered;219.557;100.000;0.469;0.088
loss_20;SHOOT;117;7603.722;7823.432;3;delivered;219.710;100.000;0.471;0.056
loss_20;SHOOT;120;7807.041;7807.529;1;delivered;0.488;100.000;0.471;0.056
loss_20;SHOOT;123;8010.877;8011.233;1;delivered;0.356;100.000;0.457;0.071
loss_20;SHOOT;126;8214.083;8214.452;1;delivered;0.369;100.000;0.433;0.079
loss_20;SHOOT;129;8401.219;8509.847;2;delivered;108.628;100.000;0.426;0.074
loss_20;SHOOT;132;8602.747;8820.809;3;delivered;218.062;100.000;0.408;0.072
loss_20;SHOOT;135;8804.143;8916.118;2;delivered;111.975;100.000;0.408;0.072
loss_20;SHOOT;138;9008.099;9335.648;4;delivered;327.549;100.000;0.401;0.051
loss_20;SHOOT;141;9209.883;9210.286;1;delivered;0.403;100.000;0.401;0.051
loss_20;SHOOT;144;9412.563;9632.392;3;delivered;219.829;100.000;0.393;0.055
loss_20;SHOOT;147;9600.898;9710.154;2;delivered;109.256;100.000;0.393;0.055
loss_20;SHOOT;150;9801.559;9913.062;2;delivered;111.503;100.000;0.393;0.055
delay_100_loss_5;SHOOT;3;0.003;117.124;1;delivered;117.121;290.835;115.869;43.742
delay_100_loss_5;SHOOT;6;209.216;319.761;1;delivered;110.545;251.752;115.203;34.137
delay_100_loss_5;SHOOT;9;412.553;524.015;1;delivered;111.462;197.609;114.243;20.841
delay_100_loss_5;SHOOT;12;602.038;710.393;1;delivered;108.355;167.605;113.228;13.594
delay_100_loss_5;SHOOT;15;805.082;914.116;1;delivered;109.034;149.922;112.186;9.434
delay_100_loss_5;SHOOT;18;1006.906;1255.037;2;delivered;248.131;137.113;111.552;6.390
delay_100_loss_5;SHOOT;21;1209.137;1316.584;1;delivered;107.447;131.667;110.584;5.271
delay_100_loss_5;SHOOT;24;1410.249;1520.123;1;delivered;109.874;123.474;110.409;3.266
delay_100_loss_5;SHOOT;27;1613.245;1722.279;1;delivered;109.034;119.695;110.081;2.404
delay_100_loss_5;SHOOT;30;1815.054;1924.354;1;delivered;109.300;117.975;109.983;1.998
delay_100_loss_5;SHOOT;33;2001.742;2109.464;1;delivered;107.722;116.658;109.400;1.814
delay_100_loss_5;SHOOT;36;2202.576;2309.935;1;delivered;107.359;116.349;108.916;1.858
delay_100_loss_5;SHOOT;39;2402.048;2510.809;1;delivered;108.761;113.382;108.865;1.129
delay_100_loss_5;SHOOT;42;2605.252;2715.428;1;delivered;110.176;113.728;109.029;1.175
delay_100_loss_5;SHOOT;45;2808.873;2918.190;1;delivered;109.317;112.927;109.203;0.931
delay_100_loss_5;SHOOT;48;3011.821;3246.439;2;delivered;234.618;111.558;109.226;0.583
delay_100_loss_5;SHOOT;51;3215.128;3324.221;1;delivered;109.093;111.091;109.209;0.471
delay_100_loss_5;SHOOT;54;3401.509;3509.918;1;delivered;108.409;110.970;109.109;0.465
delay_100_loss_5;SHOOT;57;3606.667;3841.953;2;delivered;235.286;110.434;109.055;0.345
delay_100_loss_5;SHOOT;60;3809.907;3919.401;1;delivered;109.494;110.621;109.154;0.367
delay_100_loss_5;SHOOT;63;4012.295;4120.984;1;delivered;108.689;110.661;109.096;0.391
delay_100_loss_5;SHOOT;66;4214.471;4324.236;1;delivered;109.765;111.164;109.217;0.487
delay_100_loss_5;SHOOT;69;4401.546;4511.243;1;delivered;109.697;111.179;109.326;0.463
delay_100_loss_5;SHOOT;72;4605.547;4713.829;1;delivered;108.282;111.629;109.195;0.608
delay_100_loss_5;SHOOT;75;4806.702;4916.875;1;delivered;110.173;112.558;109.343;0.804
delay_100_loss_5;SHOOT;78;5009.685;5243.772;2;delivered;234.087;112.558;109.343;0.804
delay_100_loss_5;SHOOT;81;5212.609;5321.237;1;delivered;108.628;112.162;109.172;0.748
delay_100_loss_5;SHOOT;84;5413.740;5524.491;1;delivered;110.751;113.191;109.369;0.955
delay_100_loss_5;SHOOT;87;5601.656;5710.135;1;delivered;108.479;113.836;109.429;1.102
delay_100_loss_5;SHOOT;90;5803.214;5914.067;1;delivered;110.853;114.134;109.518;1.154
delay_100_loss_5;SHOOT;93;6006.289;6113.984;1;delivered;107.695;115.287;109.225;1.515
delay_100_loss_5;SHOOT;96;6206.461;6316.905;1;delivered;110.444;114.798;109.496;1.326
delay_100_loss_5;SHOOT;99;6410.125;6642.986;2;delivered;232.861;113.962;109.426;1.134
delay_100_loss_5;SHOOT;102;6611.728;6720.173;1;delivered;108.445;113.686;109.303;1.096
delay_100_loss_5;SHOOT;105;6813.327;6921.640;1;delivered;108.313;113.031;109.095;0.984
delay_100_loss_5;SHOOT;108;7014.765;7124.081;1;delivered;109.316;111.603;109.080;0.631
delay_100_loss_5;SHOOT;111;7201.216;7310.442;1;delivered;109.226;111.137;109.098;0.510
delay_100_loss_5;SHOOT;114;7403.792;7511.724;1;delivered;107.932;111.787;108.845;0.735
delay_100_loss_5;SHOOT;117;7603.968;7713.592;1;delivered;109.624;111.928;108.942;0.746
delay_100_loss_5;SHOOT;120;7806.939;7915.819;1;delivered;108.880;110.952;108.998;0.488
delay_100_loss_5;SHOOT;123;8007.677;8115.874;1;delivered;108.197;111.165;108.898;0.567
delay_100_loss_5;SHOOT;126;8210.455;8320.107;1;delivered;109.652;111.492;108.925;0.642
delay_100_loss_5;SHOOT;129;8412.139;8523.479;1;delivered;111.340;114.843;109.565;1.320
delay_100_loss_5;SHOOT;132;8600.278;8708.258;1;delivered;107.980;114.910;109.367;1.386
delay_100_loss_5;SHOOT;135;8801.575;8910.989;1;delivered;109.414;113.497;109.236;1.065
delay_100_loss_5;SHOOT;138;9004.819;9115.128;1;delivered;110.309;113.033;109.399;0.909
delay_100_loss_5;SHOOT;141;9208.244;9316.915;1;delivered;108.671;112.761;109.308;0.863
delay_100_loss_5;SHOOT;144;9409.313;9519.575;1;delivered;110.262;112.893;109.477;0.854
delay_100_loss_5;SHOOT;147;9613.512;9846.238;2;delivered;232.726;112.854;109.360;0.874
delay_100_loss_5;SHOOT;150;9815.080;10048.173;2;delivered;233.093;112.754;109.446;0.827
jitter_loss_10;SHOOT;3;0.002;84.854;1;delivered;84.852;254.556;84.852;42.426
jitter_loss_10;SHOOT;6;208.235;363.233;1;delivered;154.998;270.361;95.279;43.770
jitter_loss_10;SHOOT;9;409.239;766.266;2;delivered;357.027;258.608;106.933;37.919
jitter_loss_10;SHOOT;12;611.358;751.155;1;delivered;139.797;258.608;106.933;37.919
jitter_loss_10;SHOOT;15;812.019;935.183;1;delivered;123.164;238.949;108.962;32.497
jitter_loss_10;SHOOT;18;1013.203;1123.482;1;delivered;110.279;225.479;114.077;27.851
jitter_loss_10;SHOOT;21;1201.530;1263.163;1;delivered;61.633;249.824;110.543;34.820
jitter_loss_10;SHOOT;24;1402.804;1791.600;2;delivered;388.796;232.154;109.201;30.738
jitter_loss_10;SHOOT;27;1605.100;1947.016;2;delivered;341.916;202.122;109.279;23.211
jitter_loss_10;SHOOT;30;1806.380;2071.262;2;delivered;264.882;202.122;109.279;23.211
jitter_loss_10;SHOOT;33;2008.876;2133.239;1;delivered;124.363;179.225;111.057;17.042
jitter_loss_10;SHOOT;36;2211.985;2493.924;2;delivered;281.939;191.289;106.899;21.097
jitter_loss_10;SHOOT;39;2400.077;2477.871;1;delivered;77.794;191.289;106.899;21.097
jitter_loss_10;SHOOT;42;2603.028;2680.191;1;delivered;77.163;214.029;106.920;26.777
jitter_loss_10;SHOOT;45;2804.445;2959.977;1;delivered;155.532;239.307;112.065;31.810
jitter_loss_10;SHOOT;48;3006.827;3117.317;1;delivered;110.490;208.875;111.869;24.252
jitter_loss_10;SHOOT;51;3211.112;3336.938;1;delivered;125.826;224.910;111.255;28.414
jitter_loss_10;SHOOT;54;3414.040;3989.940;3;delivered;575.900;233.285;119.823;28.366
jitter_loss_10;SHOOT;57;3615.300;3755.176;1;delivered;139.876;221.249;112.852;27.099
jitter_loss_10;SHOOT;60;3801.067;3927.035;1;delivered;125.968;208.905;114.491;23.603
jitter_loss_10;SHOOT;63;4005.350;4099.451;1;delivered;94.101;227.643;112.049;28.899
jitter_loss_10;SHOOT;66;4210.080;4321.186;1;delivered;111.106;199.569;111.931;21.910
jitter_loss_10;SHOOT;69;4413.756;4474.663;1;delivered;60.907;222.306;105.553;29.188
jitter_loss_10;SHOOT;72;4614.352;4960.962;2;delivered;346.610;250.289;101.287;37.250
jitter_loss_10;SHOOT;75;4802.814;4945.350;1;delivered;142.536;250.289;101.287;37.250
jitter_loss_10;SHOOT;78;5007.550;5146.431;1;delivered;138.881;232.597;106.761;31.459
jitter_loss_10;SHOOT;81;5208.541;5350.713;1;delivered;142.172;238.777;108.131;32.662
jitter_loss_10;SHOOT;84;5412.839;5554.236;1;delivered;141.397;232.195;114.248;29.487
jitter_loss_10;SHOOT;87;5600.265;5693.883;1;delivered;93.618;220.759;111.669;27.273
jitter_loss_10;SHOOT;90;5802.234;5865.042;1;delivered;62.808;236.240;105.562;32.670
jitter_loss_10;SHOOT;93;6005.280;6145.933;1;delivered;140.653;239.183;107.000;33.046
jitter_loss_10;SHOOT;96;6208.946;6271.706;1;delivered;62.760;244.847;101.470;35.844
jitter_loss_10;SHOOT;99;6411.343;6550.706;1;delivered;139.363;231.884;110.925;30.240
jitter_loss_10;SHOOT;102;6613.073;6675.664;1;delivered;62.591;243.936;104.883;34.763
jitter_loss_10;SHOOT;105;6800.652;7141.654;2;delivered;341.002;211.745;105.260;26.621
jitter_loss_10;SHOOT;108;7002.408;7095.413;1;delivered;93.005;211.745;105.260;26.621
jitter_loss_10;SHOOT;111;7203.019;7280.269;1;delivered;77.250;209.633;101.759;26.968
jitter_loss_10;SHOOT;114;7404.219;7545.152;1;delivered;140.933;212.126;109.951;25.544
jitter_loss_10;SHOOT;117;7608.076;7731.891;1;delivered;123.815;207.987;108.117;24.967
jitter_loss_10;SHOOT;120;7810.097;7888.692;1;delivered;78.595;208.852;104.427;26.106
jitter_loss_10;SHOOT;123;8014.516;8123.973;1;delivered;109.457;174.454;105.894;17.140
jitter_loss_10;SHOOT;126;8200.979;8311.210;1;delivered;110.231;175.063;110.258;16.201
jitter_loss_10;SHOOT;129;8406.052;8483.787;1;delivered;77.735;190.547;107.902;20.661
jitter_loss_10;SHOOT;132;8606.601;8700.282;1;delivered;93.681;182.328;106.124;19.051
jitter_loss_10;SHOOT;135;8810.359;8873.419;1;delivered;63.060;190.136;101.126;22.252
jitter_loss_10;SHOOT;138;9011.037;9168.073;1;delivered;157.036;234.950;108.622;31.582
jitter_loss_10;SHOOT;141;9214.114;9369.221;1;delivered;155.107;266.748;109.466;39.321
jitter_loss_10;SHOOT;144;9415.798;9526.781;1;delivered;110.983;222.626;106.372;29.064
jitter_loss_10;SHOOT;147;9605.002;9666.915;1;delivered;61.913;232.464;100.815;32.912
jitter_loss_10;SHOOT;150;9806.265;9930.113;1;delivered;123.848;205.241;101.865;25.844
