experiment_id;sample;sequence;sent_at_ms;rtt_ms;srtt_ms;status
baseline;1;1;0.427;3.852;3.852;received
baseline;2;2;322.318;0.844;3.476;received
baseline;3;3;625.408;1.059;3.174;received
baseline;4;4;929.005;3.652;3.234;received
baseline;5;5;1241.066;2.351;3.123;received
baseline;6;6;1555.144;1.043;2.863;received
baseline;7;7;1860.216;0.866;2.614;received
baseline;8;8;2165.865;0.916;2.401;received
baseline;9;9;2467.578;0.993;2.225;received
baseline;10;10;2775.148;1.330;2.113;received
baseline;11;11;3084.379;1.183;1.997;received
baseline;12;12;3396.035;1.318;1.912;received
baseline;13;13;3695.129;1.066;1.806;received
baseline;14;14;3999.724;0.897;1.693;received
baseline;15;15;4302.740;0.940;1.599;received
baseline;16;16;4612.978;0.945;1.517;received
baseline;17;17;4925.182;1.449;1.508;received
baseline;18;18;5229.107;1.111;1.459;received
baseline;19;19;5535.111;1.639;1.481;received
baseline;20;20;5841.182;0.751;1.390;received
baseline;21;21;6149.236;0.765;1.312;received
baseline;22;22;6459.080;0.947;1.266;received
baseline;23;23;6762.112;0.747;1.201;received
baseline;24;24;7076.365;0.801;1.151;received
baseline;25;25;7396.682;0.771;1.104;received
baseline;26;26;7711.713;0.953;1.085;received
baseline;27;27;8013.904;2.017;1.201;received
baseline;28;28;8325.972;2.310;1.340;received
baseline;29;29;8628.143;1.489;1.359;received
baseline;30;30;8941.407;1.176;1.336;received
baseline;31;31;9251.155;0.951;1.288;received
baseline;32;32;9559.799;0.559;1.197;received
baseline;33;33;9868.193;0.849;1.153;received
baseline;34;34;10168.851;1.352;1.178;received
baseline;35;35;10479.551;0.726;1.122;received
baseline;36;36;10782.824;0.603;1.057;received
baseline;37;37;11085.928;0.689;1.011;received
baseline;38;38;11394.930;0.650;0.966;received
baseline;39;39;11696.708;0.628;0.923;received
baseline;40;40;11999.147;0.791;0.907;received
baseline;41;41;12308.809;1.237;0.948;received
baseline;42;42;12612.810;0.581;0.902;received
baseline;43;43;12914.025;1.709;1.003;received
baseline;44;44;13218.213;0.631;0.957;received
baseline;45;45;13521.970;0.705;0.925;received
baseline;46;46;13833.574;0.615;0.886;received
baseline;47;47;14134.640;0.503;0.838;received
baseline;48;48;14441.697;0.695;0.821;received
baseline;49;49;14750.758;0.994;0.842;received
baseline;50;50;15065.827;0.899;0.849;received
delay_50;1;1;0.481;62.813;62.813;received
delay_50;2;2;321.798;62.247;62.742;received
delay_50;3;3;625.906;66.821;63.252;received
delay_50;4;4;939.654;69.131;63.987;received
delay_50;5;5;1255.698;66.572;64.310;received
delay_50;6;6;1558.283;57.245;63.427;received
delay_50;7;7;1859.995;59.487;62.934;received
delay_50;8;8;2164.758;55.722;62.033;received
delay_50;9;9;2476.649;68.374;62.826;received
delay_50;10;10;2778.798;51.992;61.471;received
delay_50;11;11;3088.482;59.167;61.183;received
delay_50;12;12;3392.818;61.341;61.203;received
delay_50;13;13;3706.630;58.857;60.910;received
delay_50;14;14;4020.690;62.460;61.104;received
delay_50;15;15;4331.056;58.958;60.835;received
delay_50;16;16;4638.860;59.756;60.700;received
delay_50;17;17;4946.683;59.812;60.589;received
delay_50;18;18;5254.517;53.530;59.707;received
delay_50;19;19;5563.474;61.876;59.978;received
delay_50;20;20;5865.276;65.204;60.631;received
delay_50;21;21;6169.677;60.062;60.560;received
delay_50;22;22;6480.844;66.089;61.251;received
delay_50;23;23;6798.292;61.540;61.287;received
delay_50;24;24;7106.201;66.735;61.968;received
delay_50;25;25;7420.823;61.322;61.888;received
delay_50;26;26;7733.243;55.456;61.084;received
delay_50;27;27;8037.185;60.330;60.989;received
delay_50;28;28;8344.455;55.870;60.349;received
delay_50;29;29;8661.781;55.617;59.758;received
delay_50;30;30;8971.663;63.981;60.286;received
delay_50;31;31;9284.703;58.857;60.107;received
delay_50;32;32;9589.263;58.730;59.935;received
delay_50;33;33;9898.372;58.628;59.772;received
delay_50;34;34;10204.036;59.256;59.707;received
delay_50;35;35;10520.235;58.057;59.501;received
delay_50;36;36;10823.773;57.950;59.307;received
delay_50;37;37;11129.501;57.568;59.090;received
delay_50;38;38;11438.635;66.115;59.968;received
delay_50;39;39;11747.723;57.934;59.714;received
delay_50;40;40;12061.653;58.743;59.592;received
delay_50;41;41;12370.135;52.292;58.680;received
delay_50;42;42;12680.981;69.287;60.006;received
delay_50;43;43;12994.750;58.967;59.876;received
delay_50;44;44;13296.677;68.638;60.971;received
delay_50;45;45;13598.164;66.665;61.683;received
delay_50;46;46;13899.713;63.984;61.970;received
delay_50;47;47;14209.255;60.716;61.814;received
delay_50;48;48;14526.753;62.454;61.894;received
delay_50;49;49;14841.517;57.299;61.319;received
delay_50;50;50;15154.464;63.227;61.558;received
delay_100;1;1;0.532;115.761;115.761;received
delay_100;2;2;309.971;113.193;115.440;received
delay_100;3;3;624.537;108.991;114.634;received
delay_100;4;4;930.841;108.534;113.871;received
delay_100;5;5;1244.262;108.530;113.204;received
delay_100;6;6;1548.258;112.489;113.114;received
delay_100;7;7;1866.219;112.804;113.076;received
delay_100;8;8;2179.697;107.165;112.337;received
delay_100;9;9;2490.249;108.208;111.821;received
delay_100;10;10;2802.764;101.632;110.547;received
delay_100;11;11;3108.203;107.258;110.136;received
delay_100;12;12;3421.728;108.818;109.971;received
delay_100;13;13;3736.871;100.669;108.808;received
delay_100;14;14;4039.473;111.724;109.173;received
delay_100;15;15;4347.947;109.026;109.155;received
delay_100;16;16;4659.269;107.344;108.928;received
delay_100;17;17;4976.525;115.323;109.728;received
delay_100;18;18;5293.933;103.649;108.968;received
delay_100;19;19;5604.571;101.661;108.054;received
delay_100;20;20;5916.367;110.027;108.301;received
delay_100;21;21;6223.729;119.910;109.752;received
delay_100;22;22;6532.512;109.140;109.676;received
delay_100;23;23;6846.431;107.959;109.461;received
delay_100;24;24;7149.417;106.330;109.070;received
delay_100;25;25;7461.302;115.711;109.900;received
delay_100;26;26;7764.213;108.025;109.665;received
delay_100;27;27;8067.351;109.802;109.683;received
delay_100;28;28;8372.508;115.490;110.408;received
delay_100;29;29;8686.414;115.384;111.030;received
delay_100;30;30;8988.980;106.367;110.447;received
delay_100;31;31;9292.658;113.962;110.887;received
delay_100;32;32;9603.314;105.393;110.200;received
delay_100;33;33;9919.190;105.794;109.649;received
delay_100;34;34;10220.693;106.976;109.315;received
delay_100;35;35;10525.523;105.845;108.881;received
delay_100;36;36;10829.348;108.076;108.781;received
delay_100;37;37;11130.646;114.957;109.553;received
delay_100;38;38;11433.515;106.424;109.162;received
delay_100;39;39;11737.947;111.090;109.403;received
delay_100;40;40;12046.358;105.551;108.921;received
delay_100;41;41;12358.064;107.154;108.700;received
delay_100;42;42;12670.192;113.131;109.254;received
delay_100;43;43;12973.035;105.778;108.820;received
delay_100;44;44;13276.460;107.552;108.661;received
delay_100;45;45;13587.744;106.217;108.356;received
delay_100;46;46;13890.218;105.797;108.036;received
delay_100;47;47;14198.700;100.548;107.100;received
delay_100;48;48;14500.481;107.762;107.183;received
delay_100;49;49;14812.195;102.842;106.640;received
delay_100;50;50;15128.020;108.890;106.921;received
jitter;1;1;0.723;124.897;124.897;received
jitter;2;2;319.712;89.948;120.528;received
jitter;3;3;625.911;133.261;122.120;received
jitter;4;4;935.117;76.326;116.396;received
jitter;5;5;1241.756;78.029;111.600;received
jitter;6;6;1545.589;70.014;106.402;received
jitter;7;7;1862.229;159.017;112.979;received
jitter;8;8;2165.668;83.147;109.250;received
jitter;9;9;2469.194;84.472;106.152;received
jitter;10;10;2775.091;84.363;103.429;received
jitter;11;11;3088.730;56.941;97.618;received
jitter;12;12;3405.988;81.226;95.569;received
jitter;13;13;3705.689;81.561;93.818;received
jitter;14;14;4009.249;139.206;99.491;received
jitter;15;15;4321.920;140.687;104.641;received
jitter;16;16;4629.121;140.142;109.078;received
jitter;17;17;4932.202;149.863;114.177;received
jitter;18;18;5232.487;99.410;112.331;received
jitter;19;19;5536.725;107.270;111.698;received
jitter;20;20;5842.770;131.780;114.208;received
jitter;21;21;6153.638;157.469;119.616;received
jitter;22;22;6460.082;106.913;118.028;received
jitter;23;23;6762.813;115.627;117.728;received
jitter;24;24;7068.065;82.921;113.377;received
jitter;25;25;7374.591;110.076;112.964;received
jitter;26;26;7677.584;147.732;117.310;received
jitter;27;27;7988.707;148.554;121.216;received
jitter;28;28;8289.930;124.293;121.600;received
jitter;29;29;8596.627;67.705;114.864;received
jitter;30;30;8901.460;147.657;118.963;received
jitter;31;31;9203.188;115.471;118.526;received
jitter;32;32;9519.969;69.749;112.429;received
jitter;33;33;9827.137;58.517;105.690;received
jitter;34;34;10135.922;106.562;105.799;received
jitter;35;35;10441.422;109.544;106.267;received
jitter;36;36;10754.744;109.103;106.622;received
jitter;37;37;11055.375;58.391;100.593;received
jitter;38;38;11367.770;127.481;103.954;received
jitter;39;39;11674.966;132.266;107.493;received
jitter;40;40;11983.454;66.569;102.377;received
jitter;41;41;12292.755;66.118;97.845;received
jitter;42;42;12600.284;91.950;97.108;received
jitter;43;43;12910.368;106.980;98.342;received
jitter;44;44;13231.034;125.593;101.748;received
jitter;45;45;13537.731;100.215;101.557;received
jitter;46;46;13855.089;78.605;98.688;received
jitter;47;47;14166.929;124.749;101.945;received
jitter;48;48;14475.554;118.350;103.996;received
jitter;49;49;14783.130;100.388;103.545;received
jitter;50;50;15092.217;118.969;105.473;received
loss_5;1;1;0.267;2.902;2.902;received
loss_5;2;2;320.609;0.355;2.584;received
loss_5;3;3;623.340;1.109;2.399;received
loss_5;4;4;929.137;1.130;2.241;received
loss_5;5;5;1241.490;0.454;2.017;received
loss_5;6;6;1552.945;0.300;1.803;received
loss_5;7;7;1864.247;0.269;1.611;received
loss_5;8;8;2171.481;0.344;1.453;received
loss_5;9;9;2483.968;0.383;1.319;received
loss_5;10;10;2799.275;0.492;1.216;received
loss_5;11;11;3108.046;;;timeout
loss_5;12;12;3417.837;0.362;1.109;received
loss_5;13;13;3725.856;0.431;1.024;received
loss_5;14;14;4037.044;0.334;0.938;received
loss_5;15;15;4348.157;0.360;0.866;received
loss_5;16;16;4659.451;0.503;0.820;received
loss_5;17;17;4970.582;0.517;0.782;received
loss_5;18;18;5279.780;0.683;0.770;received
loss_5;19;19;5589.220;0.566;0.744;received
loss_5;20;20;5898.995;0.276;0.686;received
loss_5;21;21;6209.445;0.472;0.659;received
loss_5;22;22;6520.235;0.431;0.631;received
loss_5;23;23;6830.005;0.414;0.604;received
loss_5;24;24;7136.823;0.330;0.569;received
loss_5;25;25;7444.390;0.428;0.552;received
loss_5;26;26;7751.560;0.521;0.548;received
loss_5;27;27;8058.561;0.301;0.517;received
loss_5;28;28;8369.030;0.436;0.507;received
loss_5;29;29;8675.372;0.363;0.489;received
loss_5;30;30;8984.646;0.323;0.468;received
loss_5;31;31;9294.246;0.438;0.464;received
loss_5;32;32;9606.292;0.437;0.461;received
loss_5;33;33;9916.677;;;timeout
loss_5;34;34;10224.127;0.324;0.444;received
loss_5;35;35;10534.885;0.270;0.422;received
loss_5;36;36;10846.371;0.365;0.415;received
loss_5;37;37;11159.536;0.253;0.395;received
loss_5;38;38;11467.105;0.327;0.386;received
loss_5;39;39;11779.621;0.261;0.371;received
loss_5;40;40;12092.186;;;timeout
loss_5;41;41;12400.298;0.207;0.350;received
loss_5;42;42;12710.161;0.254;0.338;received
loss_5;43;43;13012.020;0.240;0.326;received
loss_5;44;44;13322.322;0.240;0.315;received
loss_5;45;45;13633.083;0.256;0.308;received
loss_5;46;46;13944.915;0.266;0.303;received
loss_5;47;47;14252.215;0.317;0.304;received
loss_5;48;48;14562.575;0.250;0.298;received
loss_5;49;49;14873.598;3.246;0.666;received
loss_5;50;50;15181.329;0.258;0.615;received
combined;1;1;0.156;103.281;103.281;received
combined;2;2;305.841;107.529;103.812;received
combined;3;3;617.757;107.192;104.235;received
combined;4;4;926.758;108.284;104.741;received
combined;5;5;1237.416;107.889;105.134;received
combined;6;6;1547.679;108.802;105.593;received
combined;7;7;1861.125;110.513;106.208;received
combined;8;8;2174.286;107.874;106.416;received
combined;9;9;2484.930;107.893;106.601;received
combined;10;10;2794.574;109.608;106.977;received
combined;11;11;3107.186;;;timeout
combined;12;12;3417.176;108.852;107.211;received
combined;13;13;3725.602;109.213;107.461;received
combined;14;14;4034.859;107.400;107.454;received
combined;15;15;4346.721;107.211;107.423;received
combined;16;16;4655.721;108.493;107.557;received
combined;17;17;4967.568;108.622;107.690;received
combined;18;18;5279.206;108.338;107.771;received
combined;19;19;5591.276;108.877;107.909;received
combined;20;20;5901.829;109.593;108.120;received
combined;21;21;6213.242;108.107;108.118;received
combined;22;22;6520.673;108.734;108.195;received
combined;23;23;6829.317;107.876;108.155;received
combined;24;24;7138.152;107.594;108.085;received
combined;25;25;7445.837;108.125;108.090;received
combined;26;26;7755.436;108.066;108.087;received
combined;27;27;8066.839;108.967;108.197;received
combined;28;28;8377.657;108.276;108.207;received
combined;29;29;8687.469;109.549;108.375;received
combined;30;30;8997.523;108.240;108.358;received
combined;31;31;9308.506;109.402;108.488;received
combined;32;32;9618.507;108.355;108.472;received
combined;33;33;9928.641;;;timeout
combined;34;34;10237.777;108.321;108.453;received
combined;35;35;10549.591;109.098;108.534;received
combined;36;36;10860.304;107.010;108.343;received
combined;37;37;11170.285;108.650;108.381;received
combined;38;38;11479.257;109.936;108.576;received
combined;39;39;11790.400;109.999;108.754;received
combined;40;40;12102.536;;;timeout
combined;41;41;12413.248;107.977;108.657;received
combined;42;42;12723.497;107.203;108.475;received
combined;43;43;13032.151;108.937;108.533;received
combined;44;44;13342.674;110.051;108.722;received
combined;45;45;13656.237;108.066;108.640;received
combined;46;46;13965.332;109.237;108.715;received
combined;47;47;14274.919;108.627;108.704;received
combined;48;48;14584.541;108.800;108.716;received
combined;49;49;14895.064;109.302;108.789;received
combined;50;50;15207.412;107.919;108.680;received
